"Secuencia_Orden","Bloque_Conceptual","Elemento_XML","Elemento_Padre","Obligatorio_Opcional","Descripcion_XSD"
"1","Definicion del Esquema (Schema)","xsd:schema","","Obligatorio (Contenedor)","Tag raiz de definicion de todo el archivo XML Schema (XSD) que agrupa los namespaces de la BCN."
"2","Inline Semantico y Estilo","a","anidado en su contenedor","Obligatorio/Opcional","Enlace hipertextual HTML estandar para paginas web externas."
"3","Estructuras de Documento","act","anidado en su contenedor","Obligatorio/Opcional","Estructura para documentos jerarquicos rigidos del ordenamiento juridico como leyes, decretos supremos, DFL y reglamentos (Tipo: hierarchicalStructure)."
"4","Soporte Secundario General","activeModifications","anidado en su contenedor","Opcional","Elemento de soporte tecnico secundario (Tipo: Amendments)."
"5","Inline Semantico y Estilo","activeRef","anidado en su contenedor","Obligatorio/Opcional","Referencia activa que apunta a una ley o articulo externo modificado por esta norma (Tipo: referenceType)."
"6","Divisiones Jerarquicas","address","anidado en su contenedor","Opcional","Estructura jerarquica alternativa de soporte visual (Tipo: althierarchy)."
"7","Divisiones Jerarquicas","adjournment","anidado en su contenedor","Opcional","Estructura jerarquica alternativa de soporte visual (Tipo: althierarchy)."
"8","Divisiones Jerarquicas","administrationOfOath","anidado en su contenedor","Opcional","Estructura jerarquica alternativa de soporte visual (Tipo: althierarchy)."
"9","Soporte Secundario General","affectedDocument","anidado en su contenedor","Opcional","Elemento de soporte tecnico secundario."
"10","Contenedor Raiz","akomaNtoso","anidado en su contenedor","Obligatorio/Opcional","Elemento contenedor principal del documento XML y envoltorio de todo el transporte de datos (Tipo: akomaNtosoType)."
"11","Divisiones Jerarquicas","alinea","anidado en su contenedor","Opcional","Division jerarquica secundaria de soporte legal (Tipo: hierarchy)."
"12","Estructuras de Documento","amendment","anidado en su contenedor","Obligatorio/Opcional","Estructura para registrar indicaciones y propuestas de modificacion de leyes en comisiones (Tipo: amendmentStructure)."
"13","Soporte Secundario General","amendmentBody","anidado en su contenedor","Opcional","Elemento de soporte tecnico secundario (Tipo: amendmentBodyType)."
"14","Soporte Secundario General","amendmentContent","anidado en su contenedor","Opcional","Elemento de soporte tecnico secundario (Tipo: blocksopt)."
"15","Soporte Secundario General","amendmentHeading","anidado en su contenedor","Opcional","Elemento de soporte tecnico secundario (Tipo: blocksopt)."
"16","Soporte Secundario General","amendmentJustification","anidado en su contenedor","Opcional","Elemento de soporte tecnico secundario (Tipo: blocksopt)."
"17","Soporte Secundario General","amendmentList","anidado en su contenedor","Opcional","Elemento de soporte tecnico secundario (Tipo: collectionStructure)."
"18","Soporte Secundario General","amendmentReference","anidado en su contenedor","Opcional","Elemento de soporte tecnico secundario (Tipo: blocksopt)."
"19","Soporte Secundario General","analysis","anidado en su contenedor","Opcional","Elemento de soporte tecnico secundario."
"20","Soporte Secundario General","answer","anidado en su contenedor","Opcional","Elemento de soporte tecnico secundario (Tipo: speechType)."
"21","Soporte Secundario General","application","anidado en su contenedor","Opcional","Elemento de soporte tecnico secundario (Tipo: periodType)."
"22","Inline Semantico y Estilo","applies","anidado en su contenedor","Obligatorio/Opcional","Argumento judicial que aplica precedentes o fallos vigentes (Tipo: judicialArgumentType)."
"23","Jerarquia","article","anidado en su contenedor","Obligatorio/Opcional","Articulo legal como bloque de la norma (exige id unico para enlazado Linked Data) (Tipo: hierarchy)."
"24","Soporte Secundario General","attachmentOf","anidado en su contenedor","Opcional","Elemento de soporte tecnico secundario."
"25","Anexos","attachments","anidado en su contenedor","Obligatorio/Opcional","Agrupa referencias a planos, tablas y especificaciones anexas al final del documento."
"26","Inline Semantico y Estilo","authorialNote","anidado en su contenedor","Obligatorio/Opcional","Notas al pie o explicaciones aclaratorias de soporte legal."
"27","Inline Semantico y Estilo","b","anidado en su contenedor","Obligatorio/Opcional","Texto en negrita (Tipo: inline)."
"28","Soporte Secundario General","background","anidado en su contenedor","Opcional","Elemento de soporte tecnico secundario (Tipo: maincontent)."
"29","Estructuras de Documento","bill","anidado en su contenedor","Obligatorio/Opcional","Estructura jerarquica para proyectos de ley en tramite parlamentario (Boletines del Congreso) (Tipo: hierarchicalStructure)."
"30","Soporte Secundario General","block","anidado en su contenedor","Opcional","Elemento de soporte tecnico secundario."
"31","Soporte Secundario General","blockList","anidado en su contenedor","Opcional","Elemento de soporte tecnico secundario."
"32","Cuerpos Principales","body","anidado en su contenedor","Obligatorio/Opcional","Cuerpo contenedor de texto para leyes y decretos estructurados (act) (Tipo: bodyType)."
"33","Divisiones Jerarquicas","book","anidado en su contenedor","Opcional","Division jerarquica secundaria de soporte legal (Tipo: hierarchy)."
"34","Soporte Secundario General","br","anidado en su contenedor","Opcional","Elemento de soporte tecnico secundario (Tipo: markeropt)."
"35","Inline y Formato","caption","anidado en su contenedor","Opcional","Marcador de formato o estilo inline de soporte visual (Tipo: inline)."
"36","Inline y Formato","change","anidado en su contenedor","Opcional","Marcador de formato o estilo inline de soporte visual (Tipo: inline)."
"37","Divisiones Jerarquicas","chapter","anidado en su contenedor","Opcional","Division jerarquica secundaria de soporte legal (Tipo: hierarchy)."
"38","Soporte Secundario General","citation","anidado en su contenedor","Opcional","Elemento de soporte tecnico secundario (Tipo: itemType)."
"39","Preliminares","citations","anidado en su contenedor","Obligatorio/Opcional","Citas de atribuciones o leyes habilitantes (ej: Visto lo dispuesto en...)."
"40","Soporte Secundario General","classification","anidado en su contenedor","Opcional","Elemento de soporte tecnico secundario."
"41","Divisiones Jerarquicas","clause","anidado en su contenedor","Opcional","Division jerarquica secundaria de soporte legal (Tipo: hierarchy)."
"42","Soporte Secundario General","collectionBody","anidado en su contenedor","Opcional","Elemento de soporte tecnico secundario (Tipo: collectionBodyType)."
"43","Divisiones Jerarquicas","communication","anidado en su contenedor","Opcional","Estructura jerarquica alternativa de soporte visual (Tipo: althierarchy)."
"44","Soporte Secundario General","component","anidado en su contenedor","Opcional","Elemento de soporte tecnico secundario."
"45","Soporte Secundario General","componentData","anidado en su contenedor","Opcional","Elemento de soporte tecnico secundario."
"46","Soporte Secundario General","componentInfo","anidado en su contenedor","Opcional","Elemento de soporte tecnico secundario."
"47","Soporte Secundario General","componentRef","anidado en su contenedor","Opcional","Elemento de soporte tecnico secundario (Tipo: srcType)."
"48","Soporte Secundario General","components","anidado en su contenedor","Opcional","Elemento de soporte tecnico secundario."
"49","Soporte Secundario General","concept","anidado en su contenedor","Opcional","Elemento de soporte tecnico secundario (Tipo: inlinereqreq)."
"50","Cierre","conclusions","anidado en su contenedor","Obligatorio/Opcional","Seccion final para firmas de autoridades y promulgacion formal (Tipo: basicopt)."
"51","Soporte Secundario General","condition","anidado en su contenedor","Opcional","Elemento de soporte tecnico secundario."
"52","Soporte Secundario General","container","anidado en su contenedor","Opcional","Elemento de soporte tecnico secundario (Tipo: containerType)."
"53","Contenidos de Bloque","content","anidado en su contenedor","Obligatorio/Opcional","Contenedor de contenido de texto de un articulo o parrafo en la jerarquia (Tipo: blocksopt)."
"54","Inline Semantico y Estilo","contrasts","anidado en su contenedor","Obligatorio/Opcional","Argumento judicial que contrasta o contrapone jurisprudencia (Tipo: judicialArgumentType)."
"55","Soporte Secundario General","count","anidado en su contenedor","Opcional","Elemento de soporte tecnico secundario (Tipo: countType)."
"56","Metadatos - Referencias TLC","courtType","anidado en su contenedor","Obligatorio/Opcional","Tipo de tribunal que dictamino el fallo (Tipo: inline)."
"57","Soporte Secundario General","coverPage","anidado en su contenedor","Opcional","Elemento de soporte tecnico secundario (Tipo: basicopt)."
"58","Soporte Secundario General","date","anidado en su contenedor","Opcional","Elemento de soporte tecnico secundario."
"59","Estructuras de Documento","debate","anidado en su contenedor","Obligatorio/Opcional","Estructura para diarios de sesiones y debates de las camaras del Congreso (Senado y Diputados) (Tipo: debateStructure)."
"60","Soporte Secundario General","debateBody","anidado en su contenedor","Opcional","Elemento de soporte tecnico secundario (Tipo: debateBodyType)."
"61","Soporte Secundario General","debateReport","anidado en su contenedor","Opcional","Elemento de soporte tecnico secundario (Tipo: openStructure)."
"62","Soporte Secundario General","debateSection","anidado en su contenedor","Opcional","Elemento de soporte tecnico secundario."
"63","Soporte Secundario General","decision","anidado en su contenedor","Opcional","Elemento de soporte tecnico secundario (Tipo: maincontent)."
"64","Divisiones Jerarquicas","declarationOfVote","anidado en su contenedor","Opcional","Estructura jerarquica alternativa de soporte visual (Tipo: althierarchy)."
"65","Inline y Formato","def","anidado en su contenedor","Opcional","Marcador de formato o estilo inline de soporte visual (Tipo: inline)."
"66","Inline Semantico y Estilo","del","anidado en su contenedor","Obligatorio/Opcional","Marca texto borrado en el historial de cambios o tramites (Tipo: inline)."
"67","Inline Semantico y Estilo","derogates","anidado en su contenedor","Obligatorio/Opcional","Argumento judicial que deroga o invalida por fallo una norma (Tipo: judicialArgumentType)."
"68","Soporte Secundario General","destination","anidado en su contenedor","Opcional","Elemento de soporte tecnico secundario (Tipo: argumentType)."
"69","Inline Semantico y Estilo","dissentsFrom","anidado en su contenedor","Obligatorio/Opcional","Argumento judicial de voto disidente del fallo (Tipo: judicialArgumentType)."
"70","Inline Semantico y Estilo","distinguishes","anidado en su contenedor","Obligatorio/Opcional","Argumento judicial que distingue o separa la aplicacion de la materia (Tipo: judicialArgumentType)."
"71","Soporte Secundario General","div","anidado en su contenedor","Opcional","Elemento de soporte tecnico secundario (Tipo: blocksreq)."
"72","Divisiones Jerarquicas","division","anidado en su contenedor","Opcional","Division jerarquica secundaria de soporte legal (Tipo: hierarchy)."
"73","Estructuras de Documento","doc","anidado en su contenedor","Obligatorio/Opcional","Estructura de esquema abierto para circulares administrativas, instrucciones ministeriales u oficios (Tipo: openStructure)."
"74","Metadatos - Control y Tiempo","docCommittee","anidado en su contenedor","Obligatorio/Opcional","Comision parlamentaria a la que se destino el tramite."
"75","Soporte Secundario General","docDate","anidado en su contenedor","Opcional","Elemento de soporte tecnico secundario."
"76","Metadatos - Control y Tiempo","docIntroducer","anidado en su contenedor","Obligatorio/Opcional","Persona u organismo que introduce formalmente el documento (Tipo: inline)."
"77","Metadatos - Control y Tiempo","docJurisdiction","anidado en su contenedor","Obligatorio/Opcional","Ambito territorial de aplicacion de la norma (Tipo: inline)."
"78","Metadatos - Control y Tiempo","docketNumber","anidado en su contenedor","Obligatorio/Opcional","Boletin o expediente legislativo asignado al proyecto (Tipo: inline)."
"79","Inline y Formato","docNumber","anidado en su contenedor","Opcional","Marcador de formato o estilo inline de soporte visual (Tipo: inline)."
"80","Inline Semantico y Estilo","docProponent","anidado en su contenedor","Obligatorio/Opcional","Patrocinador u organismo que presenta el documento."
"81","Metadatos - Control y Tiempo","docPurpose","anidado en su contenedor","Obligatorio/Opcional","Proposito o justificacion tecnica sumaria del documento (Tipo: inline)."
"82","Metadatos - Control y Tiempo","docStage","anidado en su contenedor","Obligatorio/Opcional","Etapa del tramite constitucional en la que se encuentra el documento (Tipo: inline)."
"83","Metadatos - Control y Tiempo","docStatus","anidado en su contenedor","Obligatorio/Opcional","Estado actual de la tramitacion de la norma (Tipo: inline)."
"84","Inline y Formato","docTitle","anidado en su contenedor","Opcional","Marcador de formato o estilo inline de soporte visual (Tipo: inline)."
"85","Inline y Formato","docType","anidado en su contenedor","Opcional","Marcador de formato o estilo inline de soporte visual (Tipo: inline)."
"86","Estructuras de Documento","documentCollection","anidado en su contenedor","Obligatorio/Opcional","Estructura de coleccion para agrupar multiples documentos normativos o el expediente de una ley."
"87","Soporte Secundario General","domain","anidado en su contenedor","Opcional","Elemento de soporte tecnico secundario (Tipo: anyOtherType)."
"88","Soporte Secundario General","duration","anidado en su contenedor","Opcional","Elemento de soporte tecnico secundario (Tipo: periodType)."
"89","Soporte Secundario General","efficacy","anidado en su contenedor","Opcional","Elemento de soporte tecnico secundario (Tipo: periodType)."
"90","Soporte Secundario General","efficacyMod","anidado en su contenedor","Opcional","Elemento de soporte tecnico secundario."
"91","Soporte Secundario General","entity","anidado en su contenedor","Opcional","Elemento de soporte tecnico secundario."
"92","Soporte Secundario General","eol","anidado en su contenedor","Opcional","Elemento de soporte tecnico secundario (Tipo: eolType)."
"93","Soporte Secundario General","eop","anidado en su contenedor","Opcional","Elemento de soporte tecnico secundario (Tipo: eolType)."
"94","Soporte Secundario General","event","anidado en su contenedor","Opcional","Elemento de soporte tecnico secundario (Tipo: inlinereqreq)."
"95","Metadatos - Control y Tiempo","eventRef","anidado en su contenedor","Obligatorio/Opcional","Hito temporal especifico en el ciclo de vida de la norma."
"96","Inline Semantico y Estilo","extends","anidado en su contenedor","Obligatorio/Opcional","Argumento judicial que extiende el alcance de una norma previa (Tipo: judicialArgumentType)."
"97","Soporte Secundario General","extractStructure","anidado en su contenedor","Opcional","Elemento de soporte tecnico secundario (Tipo: popupStructure)."
"98","Inline y Formato","extractText","anidado en su contenedor","Opcional","Marcador de formato o estilo inline de soporte visual (Tipo: inline)."
"99","Soporte Secundario General","fillIn","anidado en su contenedor","Opcional","Elemento de soporte tecnico secundario."
"100","Soporte Secundario General","force","anidado en su contenedor","Opcional","Elemento de soporte tecnico secundario (Tipo: periodType)."
"101","Soporte Secundario General","forceMod","anidado en su contenedor","Opcional","Elemento de soporte tecnico secundario."
"102","Contenidos de Bloque","foreign","anidado en su contenedor","Obligatorio/Opcional","Contenedor lax para codigos de otros namespaces (MathML, SVG) (Tipo: anyOtherType)."
"103","Soporte Secundario General","formula","anidado en su contenedor","Opcional","Elemento de soporte tecnico secundario (Tipo: blocksopt)."
"104","Soporte Secundario General","fragment","anidado en su contenedor","Opcional","Elemento de soporte tecnico secundario (Tipo: fragmentStructure)."
"105","Soporte Secundario General","fragmentBody","anidado en su contenedor","Opcional","Elemento de soporte tecnico secundario (Tipo: fragmentBodyType)."
"106","Metadatos - Identificacion","FRBRalias","anidado en su contenedor","Obligatorio/Opcional","Nombre descriptivo alternativo o alias del documento para facilitar su busqueda comun (Tipo: valueType)."
"107","Metadatos - Identificacion","FRBRauthor","anidado en su contenedor","Obligatorio/Opcional","Referencia a la entidad responsable del marcado en ese nivel conceptual (ej. el MINVU o la BCN)."
"108","Metadatos - Identificacion","FRBRcountry","anidado en su contenedor","Obligatorio/Opcional","Codigo ISO del pais de origen de la norma (ej. 'cl' para Chile) (Tipo: valueType)."
"109","Metadatos - Identificacion","FRBRdate","anidado en su contenedor","Obligatorio/Opcional","Fecha especifica asociada al hito del respectivo nivel FRBR (promulgacion, expresion o grabacion)."
"110","Metadatos - Identificacion","FRBRExpression","anidado en su contenedor","Obligatorio/Opcional","Identifica la expresion linguistica de la norma (idioma oficial y fecha de la traduccion/version)."
"111","Metadatos - Identificacion","FRBRformat","anidado en su contenedor","Obligatorio/Opcional","Formato digital de la manifestacion del archivo XML (ej: application/xml+akn) (Tipo: valueType)."
"112","Metadatos - Identificacion","FRBRItem","anidado en su contenedor","Obligatorio/Opcional","Elemento fisico o digital especifico que almacena el documento (ej. un archivo en el servidor o volumen en estante) (Tipo: coreProperties)."
"113","Metadatos - Identificacion","FRBRlanguage","anidado en su contenedor","Obligatorio/Opcional","Idioma oficial en que se encuentra redactada la expresion (ej: es / espanol)."
"114","Metadatos - Identificacion","FRBRManifestation","anidado en su contenedor","Obligatorio/Opcional","Identifica la manifestacion fisica digital del archivo (formato y fecha de grabacion del XML)."
"115","Metadatos - Identificacion","FRBRname","anidado en su contenedor","Obligatorio/Opcional","Nombre oficial o denominacion descriptiva del documento para fines de catalogo (Tipo: valueType)."
"116","Metadatos - Identificacion","FRBRnumber","anidado en su contenedor","Obligatorio/Opcional","Numero oficial del documento legislativo o administrativo (Tipo: valueType)."
"117","Metadatos - Identificacion","FRBRsubtype","anidado en su contenedor","Obligatorio/Opcional","Subtipo del documento de acuerdo con la clasificacion interna de la biblioteca (ej: DDU) (Tipo: valueType)."
"118","Metadatos - Identificacion","FRBRthis","anidado en su contenedor","Obligatorio/Opcional","Identificador jerarquico unico (URI de Akoma Ntso) para ese nivel conceptual especifico (Tipo: valueType)."
"119","Metadatos - Identificacion","FRBRtranslation","anidado en su contenedor","Obligatorio/Opcional","Indica si la expresion corresponde a una traduccion oficial y detalla la entidad responsable."
"120","Metadatos - Identificacion","FRBRuri","anidado en su contenedor","Obligatorio/Opcional","URI base de acceso logico que representa el recurso conceptual completo en la biblioteca (Tipo: valueType)."
"121","Metadatos - Identificacion","FRBRWork","anidado en su contenedor","Obligatorio/Opcional","Identifica la obra abstracta (pais emisor, organismo redactor, numero de norma y fecha conceptual)."
"122","Inline y Formato","from","anidado en su contenedor","Opcional","Marcador de formato o estilo inline de soporte visual (Tipo: inline)."
"123","Soporte Secundario General","hasAttachment","anidado en su contenedor","Opcional","Elemento de soporte tecnico secundario."
"124","Soporte Secundario General","hcontainer","anidado en su contenedor","Opcional","Elemento de soporte tecnico secundario."
"125","Soporte Secundario General","header","anidado en su contenedor","Opcional","Elemento de soporte tecnico secundario (Tipo: blocksopt)."
"126","Inline y Formato","heading","anidado en su contenedor","Opcional","Marcador de formato o estilo inline de soporte visual (Tipo: inline)."
"127","Inline Semantico y Estilo","i","anidado en su contenedor","Obligatorio/Opcional","Texto en cursiva (Tipo: inline)."
"128","Metadatos - Identificacion","identification","anidado en su contenedor","Obligatorio/Opcional","Estructura la identidad del documento en los tres niveles conceptuales del estandar FRBR."
"129","Soporte Secundario General","img","anidado en su contenedor","Opcional","Elemento de soporte tecnico secundario."
"130","Divisiones Jerarquicas","indent","anidado en su contenedor","Opcional","Division jerarquica secundaria de soporte legal (Tipo: hierarchy)."
"131","Soporte Secundario General","inline","anidado en su contenedor","Opcional","Elemento de soporte tecnico secundario."
"132","Inline Semantico y Estilo","ins","anidado en su contenedor","Obligatorio/Opcional","Marca texto insertado en el historial de cambios o tramites (Tipo: inline)."
"133","Soporte Secundario General","interstitial","anidado en su contenedor","Opcional","Elemento de soporte tecnico secundario (Tipo: blocksreq)."
"134","Soporte Secundario General","intro","anidado en su contenedor","Opcional","Elemento de soporte tecnico secundario (Tipo: blocksopt)."
"135","Soporte Secundario General","introduction","anidado en su contenedor","Opcional","Elemento de soporte tecnico secundario (Tipo: maincontent)."
"136","Inline Semantico y Estilo","isAnalogTo","anidado en su contenedor","Obligatorio/Opcional","Argumento judicial que establece analogia con jurisprudencia previa (Tipo: judicialArgumentType)."
"137","Soporte Secundario General","item","anidado en su contenedor","Opcional","Elemento de soporte tecnico secundario (Tipo: itemType)."
"138","Inline Semantico y Estilo","judge","anidado en su contenedor","Obligatorio/Opcional","Nombre del juez o magistrado mencionado en la jurisprudencia o fallo."
"139","Estructuras de Documento","judgement","anidado en su contenedor","Obligatorio/Opcional","Estructura jerarquica para modelar fallos y jurisprudencia de tribunales (Tipo: judgementStructure)."
"140","Cuerpos Principales","judgementBody","anidado en su contenedor","Obligatorio/Opcional","Cuerpo principal de la sentencia o fallo del tribunal (Tipo: judgementBodyType)."
"141","Soporte Secundario General","judicial","anidado en su contenedor","Opcional","Elemento de soporte tecnico secundario (Tipo: judicialArguments)."
"142","Metadatos - Referencias TLC","jurisprudence","anidado en su contenedor","Obligatorio/Opcional","Jurisprudencia o fallos anteriores relacionados con el caso (Tipo: referenceType)."
"143","Soporte Secundario General","keyword","anidado en su contenedor","Opcional","Elemento de soporte tecnico secundario."
"144","Inline Semantico y Estilo","lawyer","anidado en su contenedor","Obligatorio/Opcional","Nombre del abogado defensor mencionado en la causa judicial."
"145","Soporte Secundario General","legalSystemMod","anidado en su contenedor","Opcional","Elemento de soporte tecnico secundario."
"146","Metadatos - Control y Tiempo","legislature","anidado en su contenedor","Obligatorio/Opcional","Legislatura parlamentaria en la que se tramito la norma."
"147","Soporte Secundario General","li","anidado en su contenedor","Opcional","Elemento de soporte tecnico secundario."
"148","Metadatos - Control y Tiempo","lifecycle","anidado en su contenedor","Obligatorio/Opcional","Contenedor de hitos cronologicos y eventos de vigencia de la norma."
"149","Divisiones Jerarquicas","list","anidado en su contenedor","Opcional","Division jerarquica secundaria de soporte legal (Tipo: hierarchy)."
"150","Inline y Formato","listConclusion","anidado en su contenedor","Opcional","Marcador de formato o estilo inline de soporte visual (Tipo: inline)."
"151","Inline y Formato","listIntroduction","anidado en su contenedor","Opcional","Marcador de formato o estilo inline de soporte visual (Tipo: inline)."
"152","Soporte Secundario General","location","anidado en su contenedor","Opcional","Elemento de soporte tecnico secundario (Tipo: inlinereqreq)."
"153","Soporte Secundario General","longTitle","anidado en su contenedor","Opcional","Elemento de soporte tecnico secundario (Tipo: blocksopt)."
"154","Cuerpos Principales","mainBody","anidado en su contenedor","Obligatorio/Opcional","Cuerpo contenedor de texto para circulares e instrucciones abiertas (doc) (Tipo: maincontent)."
"155","Soporte Secundario General","marker","anidado en su contenedor","Opcional","Elemento de soporte tecnico secundario."
"156","Soporte Secundario General","meaningMod","anidado en su contenedor","Opcional","Elemento de soporte tecnico secundario."
"157","Bloque Metadatos","meta","anidado en su contenedor","Obligatorio/Opcional","Contenedor obligatorio de metadatos Linked Open Data al inicio de cualquier documento."
"158","Metadatos - Propietarios BCN","MetadataBCN","anidado en su contenedor","Obligatorio/Opcional","Metadatos propietarios chilenos especificos bajo el contenedor proprietary (Tipo: MetadatosPartesType)."
"159","Metadatos - Propietarios BCN","AtributosDiarioSesiones","anidado en su contenedor","Obligatorio/Opcional","Atributos especificos que enlazan el documento al resultado y debate en sala del Congreso (Tipo: DiarioSesionesType)."
"160","Metadatos - Propietarios BCN","TerminosLibres","anidado en su contenedor","Obligatorio/Opcional","Palabras clave libres asignadas por catalogadores para busquedas y catalogacion general."
"161","Metadatos - Propietarios BCN","Materia","anidado en su contenedor","Obligatorio/Opcional","Materia conceptual del Tesauro de la BCN asociada al articulo/parrafo."
"162","Metadatos - Propietarios BCN","ProyectosDeLey","anidado en su contenedor","Obligatorio/Opcional","Enlaces al Boletin legislativo del proyecto en tramite en el Congreso."
"163","Metadatos - Propietarios BCN","ProyectosDeAcuerdo","anidado en su contenedor","Obligatorio/Opcional","Mapea proyectos de acuerdos adoptados por la Camara o el Senado asociados a la norma."
"164","Soporte Secundario General","otro","anidado en su contenedor","Opcional","Elemento de soporte tecnico secundario."
"165","Metadatos - Propietarios BCN","AtributosInformeComision","anidado en su contenedor","Obligatorio/Opcional","Registra la comision legislativa y el tramite que emitio el informe del proyecto (Tipo: InformeComisionType)."
"166","Metadatos - Propietarios BCN","AtributosOtrosDocumentos","anidado en su contenedor","Obligatorio/Opcional","Metadatos especificos para viajes oficiales, informes de investigacion u oficios varios (Tipo: OtrosDocumentosType)."
"167","Divisiones Jerarquicas","ministerialStatements","anidado en su contenedor","Opcional","Estructura jerarquica alternativa de soporte visual (Tipo: althierarchy)."
"168","Soporte Secundario General","mmod","anidado en su contenedor","Opcional","Elemento de soporte tecnico secundario (Tipo: modType)."
"169","Soporte Secundario General","mod","anidado en su contenedor","Opcional","Elemento de soporte tecnico secundario (Tipo: modType)."
"170","Metadatos - Referencias TLC","motivation","anidado en su contenedor","Obligatorio/Opcional","Motivacion o considerandos juridicos de un fallo judicial (Tipo: maincontent)."
"171","Inline y Formato","mref","anidado en su contenedor","Opcional","Marcador de formato o estilo inline de soporte visual (Tipo: inline)."
"172","Inline y Formato","narrative","anidado en su contenedor","Opcional","Marcador de formato o estilo inline de soporte visual (Tipo: inline)."
"173","Metadatos - Referencias TLC","nationalInterest","anidado en su contenedor","Obligatorio/Opcional","Declaracion de urgencia legislativa o interes nacional (Tipo: althierarchy)."
"174","Metadatos - Referencias TLC","neutralCitation","anidado en su contenedor","Obligatorio/Opcional","Cita neutral que identifica el fallo judicial de forma unanime (Tipo: inline)."
"175","Soporte Secundario General","new","anidado en su contenedor","Opcional","Elemento de soporte tecnico secundario (Tipo: anyOtherType)."
"176","Soporte Secundario General","note","anidado en su contenedor","Opcional","Elemento de soporte tecnico secundario (Tipo: blocksreq)."
"177","Soporte Secundario General","noteRef","anidado en su contenedor","Opcional","Elemento de soporte tecnico secundario."
"178","Soporte Secundario General","notes","anidado en su contenedor","Opcional","Elemento de soporte tecnico secundario."
"179","Contenidos de Bloque","noticesOfMotion","anidado en su contenedor","Obligatorio/Opcional","Avisos de mocion o proposals de deliberacion en sala (Tipo: althierarchy)."
"180","Inline y Formato","num","anidado en su contenedor","Opcional","Marcador de formato o estilo inline de soporte visual (Tipo: inline)."
"181","Soporte Secundario General","object","anidado en su contenedor","Opcional","Elemento de soporte tecnico secundario (Tipo: inlinereqreq)."
"182","Estructuras de Documento","officialGazette","anidado en su contenedor","Obligatorio/Opcional","Estructura de coleccion que representa la edicion oficial del Diario Oficial (Tipo: collectionStructure)."
"183","Soporte Secundario General","ol","anidado en su contenedor","Opcional","Elemento de soporte tecnico secundario (Tipo: listItems)."
"184","Soporte Secundario General","old","anidado en su contenedor","Opcional","Elemento de soporte tecnico secundario (Tipo: anyOtherType)."
"185","Inline y Formato","omissis","anidado en su contenedor","Opcional","Marcador de formato o estilo inline de soporte visual (Tipo: inline)."
"186","Estructuras de Documento","opinion","anidado en su contenedor","Obligatorio/Opcional","Estructura jerarquica para modelar dictamenes u opiniones juridicas de organos consultivos."
"187","Contenidos de Bloque","oralStatements","anidado en su contenedor","Obligatorio/Opcional","Declaraciones verbales o discursos orales en la sala del Congreso (Tipo: althierarchy)."
"188","Inline Semantico y Estilo","organization","anidado en su contenedor","Obligatorio/Opcional","Marca organismos publicos o empresas en el texto de la norma (Tipo: inlinereqreq)."
"189","Metadatos - Referencias TLC","original","anidado en su contenedor","Opcional","Elemento de referencia semantica secundaria (Tipo: referenceType)."
"190","Soporte Secundario General","other","anidado en su contenedor","Opcional","Elemento de soporte tecnico secundario (Tipo: blocksopt)."
"191","Soporte Secundario General","otherAnalysis","anidado en su contenedor","Opcional","Elemento de soporte tecnico secundario."
"192","Inline y Formato","outcome","anidado en su contenedor","Opcional","Marcador de formato o estilo inline de soporte visual (Tipo: inline)."
"193","Inline Semantico y Estilo","overrules","anidado en su contenedor","Obligatorio/Opcional","Argumento judicial que sobrepasa o anula un fallo previo (Tipo: judicialArgumentType)."
"194","Contenidos de Bloque","p","anidado en su contenedor","Obligatorio/Opcional","Parrafo de texto simple con soporte de marcas inline (Tipo: inline)."
"195","Divisiones Jerarquicas","papers","anidado en su contenedor","Opcional","Estructura jerarquica alternativa de soporte visual (Tipo: althierarchy)."
"196","Jerarquia","paragraph","anidado en su contenedor","Obligatorio/Opcional","Parrafo o inciso en el contexto de la legislacion chilena (Tipo: hierarchy)."
"197","Soporte Secundario General","parliamentary","anidado en su contenedor","Opcional","Elemento de soporte tecnico secundario (Tipo: parliamentaryAnalysis)."
"198","Divisiones Jerarquicas","part","anidado en su contenedor","Opcional","Division jerarquica secundaria de soporte legal (Tipo: hierarchy)."
"199","Soporte Secundario General","party","anidado en su contenedor","Opcional","Elemento de soporte tecnico secundario."
"200","Soporte Secundario General","passiveModifications","anidado en su contenedor","Opcional","Elemento de soporte tecnico secundario (Tipo: Amendments)."
"201","Inline Semantico y Estilo","passiveRef","anidado en su contenedor","Obligatorio/Opcional","Referencia pasiva que apunta a una ley externa que modifica la norma actual (Tipo: referenceType)."
"202","Inline Semantico y Estilo","person","anidado en su contenedor","Obligatorio/Opcional","Marca nombres de personas (autoridades, ministros, parlamentarios) con su rol."
"203","Contenidos de Bloque","personalStatements","anidado en su contenedor","Obligatorio/Opcional","Declaraciones de caracter personal de los parlamentarios (Tipo: althierarchy)."
"204","Divisiones Jerarquicas","petitions","anidado en su contenedor","Opcional","Estructura jerarquica alternativa de soporte visual (Tipo: althierarchy)."
"205","Soporte Secundario General","placeholder","anidado en su contenedor","Opcional","Elemento de soporte tecnico secundario."
"206","Divisiones Jerarquicas","point","anidado en su contenedor","Opcional","Division jerarquica secundaria de soporte legal (Tipo: hierarchy)."
"207","Divisiones Jerarquicas","pointOfOrder","anidado en su contenedor","Opcional","Estructura jerarquica alternativa de soporte visual (Tipo: althierarchy)."
"208","Soporte Secundario General","popup","anidado en su contenedor","Opcional","Elemento de soporte tecnico secundario (Tipo: popupStructure)."
"209","Divisiones Jerarquicas","prayers","anidado en su contenedor","Opcional","Estructura jerarquica alternativa de soporte visual (Tipo: althierarchy)."
"210","Preliminares","preamble","anidado en su contenedor","Obligatorio/Opcional","Mapea los considerandos y formulas de resolucion de la norma (muy comun en circulares y decretos) (Tipo: preambleopt)."
"211","Preliminares","preface","anidado en su contenedor","Obligatorio/Opcional","Estructura los metadatos visuales introductorios de la norma (titulo, numero, fecha y emisor) (Tipo: prefaceopt)."
"212","Metadatos - Control y Tiempo","presentation","anidado en su contenedor","Obligatorio/Opcional","Informacion de presentacion visual o estilos CSS aplicables al documento."
"213","Metadatos - Control y Tiempo","preservation","anidado en su contenedor","Obligatorio/Opcional","Metadatos orientados a la conservacion a largo plazo del archivo digital (Tipo: anyOtherType)."
"214","Contenidos de Bloque","proceduralMotions","anidado en su contenedor","Obligatorio/Opcional","Mociones de orden o procedimientos formales de debate (Tipo: althierarchy)."
"215","Soporte Secundario General","process","anidado en su contenedor","Opcional","Elemento de soporte tecnico secundario (Tipo: inlinereqreq)."
"216","Soporte Secundario General","proprietary","anidado en su contenedor","Opcional","Elemento de soporte tecnico secundario."
"217","Metadatos - Control y Tiempo","publication","anidado en su contenedor","Obligatorio/Opcional","Registra la fecha y el medio de publicacion oficial (ej. Diario Oficial)."
"218","Inline Semantico y Estilo","putsInQuestion","anidado en su contenedor","Obligatorio/Opcional","Argumento judicial que pone en duda la constitucionalidad (Tipo: judicialArgumentType)."
"219","Inline Semantico y Estilo","quantity","anidado en su contenedor","Obligatorio/Opcional","Valores numericos, montos, plazos o multas con unidad normalizada."
"220","Soporte Secundario General","question","anidado en su contenedor","Opcional","Elemento de soporte tecnico secundario (Tipo: speechType)."
"221","Divisiones Jerarquicas","questions","anidado en su contenedor","Opcional","Estructura jerarquica alternativa de soporte visual (Tipo: althierarchy)."
"222","Soporte Secundario General","quorum","anidado en su contenedor","Opcional","Elemento de soporte tecnico secundario (Tipo: countType)."
"223","Soporte Secundario General","quorumVerification","anidado en su contenedor","Opcional","Elemento de soporte tecnico secundario (Tipo: parliamentaryAnalysisType)."
"224","Soporte Secundario General","quotedStructure","anidado en su contenedor","Opcional","Elemento de soporte tecnico secundario."
"225","Soporte Secundario General","quotedText","anidado en su contenedor","Opcional","Elemento de soporte tecnico secundario."
"226","Preliminares","recital","anidado en su contenedor","Obligatorio/Opcional","Parrafo individual de considerando o motivacion legal (Tipo: itemType)."
"227","Preliminares","recitals","anidado en su contenedor","Obligatorio/Opcional","Contenedor de considerandos o motivaciones legales de la norma."
"228","Soporte Secundario General","recordedTime","anidado en su contenedor","Opcional","Elemento de soporte tecnico secundario."
"229","Soporte Secundario General","recount","anidado en su contenedor","Opcional","Elemento de soporte tecnico secundario (Tipo: parliamentaryAnalysisType)."
"230","Inline Semantico y Estilo","ref","anidado en su contenedor","Obligatorio/Opcional","Enlace conceptual a otra norma o seccion mediante su URI Linked Data."
"231","Soporte Secundario General","references","anidado en su contenedor","Opcional","Elemento de soporte tecnico secundario (Tipo: refItems)."
"232","Soporte Secundario General","relatedDocument","anidado en su contenedor","Opcional","Elemento de soporte tecnico secundario."
"233","Soporte Secundario General","remark","anidado en su contenedor","Opcional","Elemento de soporte tecnico secundario."
"234","Metadatos - Referencias TLC","resolutions","anidado en su contenedor","Obligatorio/Opcional","Resoluciones o decisiones formales de comision o de sala (Tipo: althierarchy)."
"235","Inline Semantico y Estilo","restricts","anidado en su contenedor","Obligatorio/Opcional","Argumento judicial que restringe el alcance de una norma previa (Tipo: judicialArgumentType)."
"236","Inline Semantico y Estilo","result","anidado en su contenedor","Obligatorio/Opcional","Resultado del fallo de constitucionalidad del Tribunal Constitucional (TC)."
"237","Soporte Secundario General","rmod","anidado en su contenedor","Opcional","Elemento de soporte tecnico secundario."
"238","Soporte Secundario General","role","anidado en su contenedor","Opcional","Elemento de soporte tecnico secundario (Tipo: inlinereqreq)."
"239","Contenidos de Bloque","rollCall","anidado en su contenedor","Obligatorio/Opcional","Registro de asistencia o llamado nominal a votacion (Tipo: althierarchy)."
"240","Soporte Secundario General","rref","anidado en su contenedor","Opcional","Elemento de soporte tecnico secundario."
"241","Contenidos de Bloque","scene","anidado en su contenedor","Obligatorio/Opcional","Anotaciones de incidentes o reaccion de la sala hechas por el redactor (Tipo: inline)."
"242","Soporte Secundario General","scopeMod","anidado en su contenedor","Opcional","Elemento de soporte tecnico secundario."
"243","Divisiones Jerarquicas","section","anidado en su contenedor","Opcional","Division jerarquica secundaria de soporte legal (Tipo: hierarchy)."
"244","Metadatos - Control y Tiempo","session","anidado en su contenedor","Obligatorio/Opcional","Sesion parlamentaria especifica en la cual se discutio la norma."
"245","Metadatos - Control y Tiempo","shortTitle","anidado en su contenedor","Obligatorio/Opcional","Titulo corto, alias o acronimo de la norma (Tipo: inline)."
"246","Inline y Formato","signature","anidado en su contenedor","Opcional","Marcador de formato o estilo inline de soporte visual (Tipo: inline)."
"247","Soporte Secundario General","source","anidado en su contenedor","Opcional","Elemento de soporte tecnico secundario (Tipo: argumentType)."
"248","Inline Semantico y Estilo","span","anidado en su contenedor","Obligatorio/Opcional","Contenedor inline generico para aplicar estilos visuales CSS (Tipo: inline)."
"249","Soporte Secundario General","speech","anidado en su contenedor","Opcional","Elemento de soporte tecnico secundario (Tipo: speechType)."
"250","Metadatos - Control y Tiempo","step","anidado en su contenedor","Obligatorio/Opcional","Paso o etapa en el flujo de tramitacion de la norma."
"251","Inline y Formato","sub","anidado en su contenedor","Opcional","Marcador de formato o estilo inline de soporte visual (Tipo: inline)."
"252","Divisiones Jerarquicas","subchapter","anidado en su contenedor","Opcional","Division jerarquica secundaria de soporte legal (Tipo: hierarchy)."
"253","Divisiones Jerarquicas","subclause","anidado en su contenedor","Opcional","Division jerarquica secundaria de soporte legal (Tipo: hierarchy)."
"254","Divisiones Jerarquicas","subdivision","anidado en su contenedor","Opcional","Division jerarquica secundaria de soporte legal (Tipo: hierarchy)."
"255","Inline y Formato","subheading","anidado en su contenedor","Opcional","Marcador de formato o estilo inline de soporte visual (Tipo: inline)."
"256","Divisiones Jerarquicas","sublist","anidado en su contenedor","Opcional","Division jerarquica secundaria de soporte legal (Tipo: hierarchy)."
"257","Divisiones Jerarquicas","subparagraph","anidado en su contenedor","Opcional","Division jerarquica secundaria de soporte legal (Tipo: hierarchy)."
"258","Divisiones Jerarquicas","subpart","anidado en su contenedor","Opcional","Division jerarquica secundaria de soporte legal (Tipo: hierarchy)."
"259","Divisiones Jerarquicas","subsection","anidado en su contenedor","Opcional","Division jerarquica secundaria de soporte legal (Tipo: hierarchy)."
"260","Divisiones Jerarquicas","subtitle","anidado en su contenedor","Opcional","Division jerarquica secundaria de soporte legal (Tipo: hierarchy)."
"261","Inline y Formato","summary","anidado en su contenedor","Opcional","Marcador de formato o estilo inline de soporte visual (Tipo: inline)."
"262","Inline y Formato","sup","anidado en su contenedor","Opcional","Marcador de formato o estilo inline de soporte visual (Tipo: inline)."
"263","Inline Semantico y Estilo","supports","anidado en su contenedor","Obligatorio/Opcional","Argumento judicial que apoya la constitucionalidad de la norma (Tipo: judicialArgumentType)."
"264","Soporte Secundario General","table","anidado en su contenedor","Opcional","Elemento de soporte tecnico secundario."
"265","Soporte Secundario General","tblock","anidado en su contenedor","Opcional","Elemento de soporte tecnico secundario (Tipo: itemType)."
"266","Soporte Secundario General","td","anidado en su contenedor","Opcional","Elemento de soporte tecnico secundario."
"267","Metadatos - Control y Tiempo","temporalData","anidado en su contenedor","Obligatorio/Opcional","Contenedor de datos de vigencia temporal y periodos de tiempo."
"268","Metadatos - Control y Tiempo","temporalGroup","anidado en su contenedor","Obligatorio/Opcional","Grupo de intervalos de tiempo aplicables a un conjunto de elementos."
"269","Soporte Secundario General","term","anidado en su contenedor","Opcional","Elemento de soporte tecnico secundario (Tipo: inlinereqreq)."
"270","Inline Semantico y Estilo","textualMod","anidado en su contenedor","Obligatorio/Opcional","Modificacion fisica de texto (repeal, substitution, insertion, replacement)."
"271","Soporte Secundario General","th","anidado en su contenedor","Opcional","Elemento de soporte tecnico secundario."
"272","Metadatos - Control y Tiempo","timeInterval","anidado en su contenedor","Obligatorio/Opcional","Intervalo de tiempo con fechas de inicio y fin que define un periodo de vigencia."
"273","Divisiones Jerarquicas","title","anidado en su contenedor","Opcional","Division jerarquica secundaria de soporte legal (Tipo: hierarchy)."
"274","Metadatos - Referencias TLC","TLCConcept","anidado en su contenedor","Obligatorio/Opcional","Concepto legal abstracto del tesauro semantico utilizado para indexacion (Tipo: referenceType)."
"275","Metadatos - Referencias TLC","TLCEvent","anidado en su contenedor","Obligatorio/Opcional","Evento especifico del ciclo de vida de la norma o del debate (Tipo: referenceType)."
"276","Metadatos - Referencias TLC","TLCLocation","anidado en su contenedor","Obligatorio/Opcional","Ubicacion fisica, comuna o sitio geografico referenciado en el texto (Tipo: referenceType)."
"277","Metadatos - Referencias TLC","TLCObject","anidado en su contenedor","Obligatorio/Opcional","Recurso material u objeto del mundo real referenciado en el texto (Tipo: referenceType)."
"278","Metadatos - Referencias TLC","TLCOrganization","anidado en su contenedor","Opcional","Elemento de referencia semantica secundaria (Tipo: referenceType)."
"279","Metadatos - Referencias TLC","TLCPerson","anidado en su contenedor","Opcional","Elemento de referencia semantica secundaria (Tipo: referenceType)."
"280","Metadatos - Referencias TLC","TLCProcess","anidado en su contenedor","Obligatorio/Opcional","Proceso legislativo o tramite parlamentario referenciado (Tipo: referenceType)."
"281","Metadatos - Referencias TLC","TLCReference","anidado en su contenedor","Obligatorio/Opcional","Referencia general a una entidad externa no clasificada en otros TLC."
"282","Metadatos - Referencias TLC","TLCRole","anidado en su contenedor","Opcional","Elemento de referencia semantica secundaria (Tipo: referenceType)."
"283","Metadatos - Referencias TLC","TLCTerm","anidado en su contenedor","Obligatorio/Opcional","Termino formal o palabra definida en el glosario de la norma (Tipo: referenceType)."
"284","Soporte Secundario General","toc","anidado en su contenedor","Opcional","Elemento de soporte tecnico secundario."
"285","Soporte Secundario General","tocItem","anidado en su contenedor","Opcional","Elemento de soporte tecnico secundario."
"286","Divisiones Jerarquicas","tome","anidado en su contenedor","Opcional","Division jerarquica secundaria de soporte legal (Tipo: hierarchy)."
"287","Soporte Secundario General","tr","anidado en su contenedor","Opcional","Elemento de soporte tecnico secundario."
"288","Jerarquia","transitional","anidado en su contenedor","Obligatorio/Opcional","Disposiciones transitorias que regulan vigencias temporales de la norma (Tipo: hierarchy)."
"289","Inline Semantico y Estilo","u","anidado en su contenedor","Obligatorio/Opcional","Texto subrayado (Tipo: inline)."
"290","Soporte Secundario General","ul","anidado en su contenedor","Opcional","Elemento de soporte tecnico secundario (Tipo: listItems)."
"291","Inline Semantico y Estilo","vote","anidado en su contenedor","Obligatorio/Opcional","Voto individual de un parlamentario con su opcion elegida."
"292","Inline Semantico y Estilo","voting","anidado en su contenedor","Obligatorio/Opcional","Registro del proceso de votacion de la comision o sala legislativa (Tipo: parliamentaryAnalysisType)."
"293","Metadatos - Control y Tiempo","workflow","anidado en su contenedor","Obligatorio/Opcional","Contenedor de los pasos y etapas del flujo de tramitacion legislativa."
"294","Soporte Secundario General","wrap","anidado en su contenedor","Opcional","Elemento de soporte tecnico secundario (Tipo: blocksopt)."
"295","Contenidos de Bloque","writtenStatements","anidado en su contenedor","Obligatorio/Opcional","Declaraciones o minutas escritas ingresadas al registro del debate (Tipo: althierarchy)."
